"ANO","NIVEL","CODMUNRES","POPRE_T","POPRC_T","POPRC_M","POPRC_F","POPRC_15","POPRC_15_49","POPRC_50","POPRC_F_15","POPRC_F_15_49","POPRC_F_50"
2016,"UF",15,8272724,7581051,3821837,3759214,2354401,4164279,1062371,1155587,2068485,535142
2016,"MUNICIPIO",1500107,151934,141100,71630,69470,43357,78582,19161,21353,38398,9719
2016,"MUNICIPIO",1500131,7179,6780,3533,3247,2123,3663,994,1027,1764,456
2016,"MUNICIPIO",1500206,54080,53569,28115,25454,19368,27548,6653,9317,13015,3122
2016,"MUNICIPIO",1500305,37778,35042,18453,16589,14493,16923,3626,7122,7813,1654
2016,"MUNICIPIO",1500347,26497,25057,13618,11439,6912,15486,2659,3323,7057,1059
2016,"MUNICIPIO",1500404,54960,52626,27030,25596,19772,25162,7692,9716,12182,3698
2016,"MUNICIPIO",1500503,33282,33614,17468,16146,11860,17707,4047,5893,8478,1775
2016,"MUNICIPIO",1500602,109938,99075,49819,49256,30291,55346,13438,14982,27828,6446
2016,"MUNICIPIO",1500701,28012,24759,12957,11802,10746,11680,2333,5247,5488,1067
2016,"MUNICIPIO",1500800,510834,471980,226635,245345,122784,280467,68729,60421,147065,37859
2016,"MUNICIPIO",1500859,26271,20543,10992,9551,7357,10762,2424,3560,5036,955
2016,"MUNICIPIO",1500909,44227,40497,20989,19508,15347,19835,5315,7602,9353,2553
2016,"MUNICIPIO",1500958,29991,26546,13620,12926,9162,13954,3430,4574,6788,1564
2016,"MUNICIPIO",1501006,15950,15849,8367,7482,6300,7304,2245,3064,3401,1017
2016,"MUNICIPIO",1501105,29065,23864,12135,11729,10240,11527,2097,5105,5651,973
2016,"MUNICIPIO",1501204,44956,36882,19446,17436,12948,19375,4559,6268,9080,2088
2016,"MUNICIPIO",1501253,3233,3431,1847,1584,1051,1822,558,515,838,231
2016,"MUNICIPIO",1501303,118537,99859,50346,49513,31933,56322,11604,15702,28168,5643
2016,"MUNICIPIO",1501402,1446042,1393399,659008,734391,324777,813107,255515,159706,428290,146395
2016,"MUNICIPIO",1501451,17145,16318,8481,7837,5670,7888,2760,2724,3773,1340
2016,"MUNICIPIO",1501501,59836,51651,25815,25836,15279,29398,6974,7479,14783,3574
2016,"MUNICIPIO",1501576,16375,15298,8051,7247,4724,8177,2397,2344,3835,1068
2016,"MUNICIPIO",1501600,15563,13630,7114,6516,4414,7455,1761,2147,3546,823
2016,"MUNICIPIO",1501709,122881,113227,57291,55936,36635,60282,16310,17977,29787,8172
2016,"MUNICIPIO",1501725,14834,15690,8314,7376,4737,8515,2438,2302,3991,1083
2016,"MUNICIPIO",1501758,7206,7317,3832,3485,2362,3808,1147,1118,1839,528
2016,"MUNICIPIO",1501782,62737,52493,27085,25408,18951,27293,6249,9406,13229,2773
2016,"MUNICIPIO",1501808,99080,92860,47788,45072,37862,44545,10453,18553,21432,5087
2016,"MUNICIPIO",1501907,28016,25695,13335,12360,9409,12975,3311,4582,6216,1562
2016,"MUNICIPIO",1501956,32139,26484,13720,12764,10624,13409,2451,5307,6403,1054
2016,"MUNICIPIO",1502004,22786,20443,10545,9898,6716,10768,2959,3268,5135,1495
2016,"MUNICIPIO",1502103,132515,120896,62016,58880,43027,61649,16220,21025,29613,8242
2016,"MUNICIPIO",1502152,34853,26716,13585,13131,8582,15405,2729,4288,7640,1203
2016,"MUNICIPIO",1502202,66759,63639,31494,32145,18050,35120,10469,8750,17932,5463
2016,"MUNICIPIO",1502301,52768,51893,26621,25272,17115,27629,7149,8429,13420,3423
2016,"MUNICIPIO",1502400,192571,173149,84476,88673,48898,99976,24275,24156,51517,13000
2016,"MUNICIPIO",1502509,22821,21005,11180,9825,8343,10141,2521,4067,4613,1145
2016,"MUNICIPIO",1502608,11721,11381,5879,5502,3681,5717,1983,1776,2746,980
2016,"MUNICIPIO",1502707,46485,45557,23309,22248,13716,23754,8087,6614,11759,3875
2016,"MUNICIPIO",1502756,31884,28216,14590,13626,9857,14915,3444,4715,7253,1658
2016,"MUNICIPIO",1502764,12765,10466,6081,4385,3259,5914,1293,1606,2418,361
2016,"MUNICIPIO",1502772,17578,18288,9666,8622,5733,9234,3321,2789,4536,1297
2016,"MUNICIPIO",1502806,32881,28549,15059,13490,12185,13549,2815,5888,6299,1303
2016,"MUNICIPIO",1502855,13783,12254,6456,5798,4825,5933,1496,2374,2740,684
2016,"MUNICIPIO",1502905,38391,34294,17568,16726,10989,17239,6066,5497,8210,3019
2016,"MUNICIPIO",1502939,57251,51319,26624,24695,16899,28768,5652,8177,13853,2665
2016,"MUNICIPIO",1502954,32780,31786,16814,14972,11062,16434,4290,5340,7849,1783
2016,"MUNICIPIO",1503002,7168,8177,4240,3937,3107,3955,1115,1525,1877,535
2016,"MUNICIPIO",1503044,19508,17768,9551,8217,5702,9559,2507,2739,4459,1019
2016,"MUNICIPIO",1503077,25345,25034,13107,11927,9135,12797,3102,4478,6018,1431
2016,"MUNICIPIO",1503093,38677,30436,15750,14686,10015,16872,3549,5006,8123,1557
2016,"MUNICIPIO",1503101,32049,29062,15400,13662,11843,14086,3133,5681,6512,1469
2016,"MUNICIPIO",1503200,37547,35887,18117,17770,10787,19246,5854,5254,9554,2962
2016,"MUNICIPIO",1503309,60675,58077,29674,28403,19646,30585,7846,9626,14842,3935
2016,"MUNICIPIO",1503408,11224,10037,5170,4867,3164,5329,1544,1532,2582,753
2016,"MUNICIPIO",1503457,60433,51309,26904,24405,17957,28475,4877,8689,13623,2093
2016,"MUNICIPIO",1503507,31664,31364,16261,15103,10707,15703,4954,5193,7443,2467
2016,"MUNICIPIO",1503606,98485,97493,49681,47812,30810,53625,13058,15319,26350,6143
2016,"MUNICIPIO",1503705,51806,51220,27026,24194,18248,25951,7021,8793,12390,3011
2016,"MUNICIPIO",1503754,8852,14103,8037,6066,4807,7793,1503,2292,3271,503
2016,"MUNICIPIO",1503804,56781,51360,25769,25591,15899,29316,6145,7992,14631,2968
2016,"MUNICIPIO",1503903,55179,47086,24578,22508,18727,22879,5480,9236,10672,2600
2016,"MUNICIPIO",1504000,27760,25021,13115,11906,9509,12755,2757,4620,5920,1366
2016,"MUNICIPIO",1504059,29112,27904,13740,14164,8987,14869,4048,4481,7632,2051
2016,"MUNICIPIO",1504109,8298,8115,4258,3857,2688,3952,1475,1289,1851,717
2016,"MUNICIPIO",1504208,266932,233669,118196,115473,73513,132519,27637,36271,65997,13205
2016,"MUNICIPIO",1504307,28668,28376,14699,13677,9580,13843,4953,4761,6550,2366
2016,"MUNICIPIO",1504406,27471,26605,13884,12721,8337,13222,5046,3984,6272,2465
2016,"MUNICIPIO",1504422,125435,108246,53884,54362,31140,64462,12644,15094,32838,6430
2016,"MUNICIPIO",1504455,30315,27328,14888,12440,8672,15104,3552,4111,6873,1456
2016,"MUNICIPIO",1504505,26652,24808,13227,11581,10968,11919,1921,5170,5539,872
2016,"MUNICIPIO",1504604,29846,26731,13747,12984,9807,13305,3619,4800,6405,1779
2016,"MUNICIPIO",1504703,78629,70018,36666,33352,25885,36234,7899,12746,17017,3589
2016,"MUNICIPIO",1504752,15548,NA,NA,NA,NA,NA,NA,NA,NA,NA
2016,"MUNICIPIO",1504802,56391,55462,28508,26954,18554,28034,8874,9098,13556,4300
2016,"MUNICIPIO",1504901,38616,34204,17906,16298,12353,17802,4049,6005,8412,1881
2016,"MUNICIPIO",1504950,20727,20158,10643,9515,7717,10480,1961,3803,4883,829
2016,"MUNICIPIO",1504976,16032,14645,7731,6914,4876,7557,2212,2381,3554,979
2016,"MUNICIPIO",1505007,14791,13670,7082,6588,3803,7293,2574,1833,3478,1277
2016,"MUNICIPIO",1505031,25102,25124,13435,11689,7722,14413,2989,3779,6761,1149
2016,"MUNICIPIO",1505064,72347,62050,32748,29302,22154,32270,7626,10753,15367,3182
2016,"MUNICIPIO",1505106,50596,49333,25563,23770,17427,24294,7612,8495,11581,3694
2016,"MUNICIPIO",1505205,31257,28595,15017,13578,12047,13549,2999,5780,6423,1375
2016,"MUNICIPIO",1505304,70071,62794,31756,31038,23174,31396,8224,11440,15635,3963
2016,"MUNICIPIO",1505403,17237,16311,8443,7868,5340,8443,2528,2544,4049,1275
2016,"MUNICIPIO",1505437,31359,27359,14270,13089,8647,16041,2671,4289,7644,1156
2016,"MUNICIPIO",1505486,45596,39979,21599,18380,13909,20833,5237,6667,9588,2125
2016,"MUNICIPIO",1505494,7404,7475,3879,3596,2390,3841,1244,1179,1826,591
2016,"MUNICIPIO",1505502,108547,97819,49267,48552,32525,55494,9800,16112,27814,4626
2016,"MUNICIPIO",1505536,196259,153908,77893,76015,47600,93128,13180,23635,46329,6051
2016,"MUNICIPIO",1505551,5436,6033,3178,2855,1844,3223,966,897,1529,429
2016,"MUNICIPIO",1505601,7867,7854,4039,3815,2294,4083,1477,1125,1986,704
2016,"MUNICIPIO",1505635,12653,12697,6776,5921,4230,6717,1750,1996,3162,763
2016,"MUNICIPIO",1505650,29336,23934,12568,11366,8353,12851,2730,4242,6009,1115
2016,"MUNICIPIO",1505700,29700,25999,13379,12620,8814,13692,3493,4306,6653,1661
2016,"MUNICIPIO",1505809,59322,52172,26818,25354,23352,23853,4967,11537,11496,2321
2016,"MUNICIPIO",1505908,39246,33956,17612,16344,14481,16623,2852,7162,7900,1282
2016,"MUNICIPIO",1506005,29132,29349,15516,13833,11659,14350,3340,5659,6668,1506
2016,"MUNICIPIO",1506104,10510,10268,5300,4968,3181,5245,1842,1586,2477,905
2016,"MUNICIPIO",1506112,13142,12411,6461,5950,4065,6373,1973,1943,3038,969
2016,"MUNICIPIO",1506138,81647,75556,38016,37540,22473,42974,10109,11160,21527,4853
2016,"MUNICIPIO",1506161,17721,17697,9161,8536,4920,9881,2896,2426,4783,1327
2016,"MUNICIPIO",1506187,50460,46964,24274,22690,13805,26615,6544,6869,12772,3049
2016,"MUNICIPIO",1506195,47971,40087,20875,19212,13720,21230,5137,6901,10104,2207
2016,"MUNICIPIO",1506203,39328,37421,19096,18325,11564,20458,5399,5604,10019,2702
2016,"MUNICIPIO",1506302,22740,20183,10292,9891,6348,10649,3186,3080,5201,1610
2016,"MUNICIPIO",1506351,20077,17141,8755,8386,5355,9300,2486,2563,4634,1189
2016,"MUNICIPIO",1506401,9635,8155,4142,4013,2435,4605,1115,1218,2260,535
2016,"MUNICIPIO",1506500,67686,59466,31156,28310,16455,35010,8001,8027,16220,4063
2016,"MUNICIPIO",1506559,19348,19424,9884,9540,6545,10089,2790,3203,4979,1358
2016,"MUNICIPIO",1506583,20396,17206,9497,7709,5319,8873,3014,2594,3988,1127
2016,"MUNICIPIO",1506609,24059,23026,11492,11534,6510,12782,3734,3237,6434,1863
2016,"MUNICIPIO",1506708,68934,56153,29788,26365,17990,32118,6045,8744,15179,2442
2016,"MUNICIPIO",1506807,294447,294580,145533,149047,92976,158197,43407,46145,80514,22388
2016,"MUNICIPIO",1506906,6482,6141,3211,2930,2094,3118,929,1017,1464,449
2016,"MUNICIPIO",1507003,30129,26674,13433,13241,8301,14201,4172,4097,7059,2085
2016,"MUNICIPIO",1507102,17492,16891,8806,8085,5240,8783,2868,2547,4132,1406
2016,"MUNICIPIO",1507151,24659,23130,11901,11229,7724,11836,3570,3813,5737,1679
2016,"MUNICIPIO",1507201,30987,29846,15741,14105,11761,14371,3714,5628,6741,1736
2016,"MUNICIPIO",1507300,120580,91340,48691,42649,27107,54949,9284,13207,25830,3612
2016,"MUNICIPIO",1507409,15418,15060,7775,7285,4353,8047,2660,2134,3872,1279
2016,"MUNICIPIO",1507458,24394,25587,13093,12494,8172,13565,3850,4064,6661,1769
2016,"MUNICIPIO",1507466,5884,5265,2738,2527,1706,2626,933,850,1243,434
2016,"MUNICIPIO",1507474,22207,20647,10760,9887,6712,10467,3468,3301,4921,1665
2016,"MUNICIPIO",1507508,13569,13155,7149,6006,4552,6623,1980,2191,2962,853
2016,"MUNICIPIO",1507607,56667,51567,26028,25539,17150,27268,7149,8498,13397,3644
2016,"MUNICIPIO",1507706,25540,22904,11833,11071,8429,11763,2712,4191,5535,1345
2016,"MUNICIPIO",1507755,5678,5047,2710,2337,1530,2849,668,750,1315,272
2016,"MUNICIPIO",1507805,11587,13045,6995,6050,4908,6614,1523,2456,2988,606
2016,"MUNICIPIO",1507904,24488,23001,11472,11529,7060,12200,3741,3479,6066,1984
2016,"MUNICIPIO",1507953,100300,79297,40991,38306,27643,45307,6347,13347,22150,2809
2016,"MUNICIPIO",1507961,11262,10262,5272,4990,3313,5286,1663,1621,2553,816
2016,"MUNICIPIO",1507979,18105,16949,8776,8173,5773,8683,2493,2824,4132,1217
2016,"MUNICIPIO",1508001,61095,56518,29323,27195,19722,29837,6959,9570,14393,3232
2016,"MUNICIPIO",1508035,29793,27455,14328,13127,9444,13972,4039,4645,6569,1913
2016,"MUNICIPIO",1508050,18280,16875,9146,7729,5520,9344,2011,2676,4238,815
2016,"MUNICIPIO",1508084,37920,33690,17489,16201,10050,19347,4293,4963,9380,1858
2016,"MUNICIPIO",1508100,108885,97128,48402,48726,31108,54592,11428,15583,27576,5567
2016,"MUNICIPIO",1508126,55739,43341,22209,21132,14853,24523,3965,7374,12064,1694
2016,"MUNICIPIO",1508159,44370,44789,23633,21156,14715,24627,5447,7223,11662,2271
2016,"MUNICIPIO",1508209,51705,47889,24548,23341,14142,26124,7623,6902,12618,3821
2016,"MUNICIPIO",1508308,59401,56716,29817,26899,22089,27342,7285,10736,12687,3476
2016,"MUNICIPIO",1508357,14566,13431,7281,6150,4110,7579,1742,1933,3439,778
2016,"MUNICIPIO",1508407,43188,40573,20572,20001,12129,22960,5484,6073,11368,2560
