"ANO","NIVEL","CODMUNRES","TO","TORC","TORCR","TO_NN","TO_N","TO_CBI","TO_CB_N","TO_CB_C","TO_CB_R","TO_CB_O","TO_M","TO_F","TO_F_IF","TO_FT","TO_NT","TO_NT_P","TO_NT_T","TO_PNT","TONT_B","TONT_PT","TONT_A","TONT_PD","TONT_I","TO_MT","TO_MT_DG","TO_MT_PT","TO_MT_AB","TO_MT_42","TO_MT_43","TO_MT_P","TO_MT_P_I","TO_MT_P_ES","TO_MT_P_EFI","TO_MT_P_EFII","TO_MT_P_EM","TO_MT_P_ESI","TO_MT_P_ESC"
2016,"UF",15,38557,0,2113,7432,31125,2046,5066,9024,3893,11096,23910,14605,2500,0,1523,1203,320,634,213,13,2,1218,21,120,25,11,1,72,11,109,107,4,19,32,35,3,4
2016,"MUNICIPIO",150000,26,0,0,19,7,1,0,3,0,3,21,2,0,0,0,0,0,0,0,0,0,0,0,0,0,0,0,0,0,0,0,0,0,0,0,0,0
2016,"MUNICIPIO",150010,655,0,34,119,536,23,76,114,76,247,413,242,41,0,24,18,6,13,1,0,0,23,0,1,0,0,0,1,0,1,1,0,1,0,0,0,0
2016,"MUNICIPIO",150013,57,0,6,11,46,1,6,21,3,15,33,24,5,0,4,2,2,1,1,0,0,3,0,0,0,0,0,0,0,0,0,0,0,0,0,0,0
2016,"MUNICIPIO",150020,235,0,16,56,179,12,25,62,18,62,150,85,16,0,9,7,2,6,2,0,0,7,0,3,0,0,0,3,0,3,3,0,0,1,1,0,0
2016,"MUNICIPIO",150030,101,0,5,26,75,13,15,21,6,20,74,27,6,0,2,1,1,8,0,0,0,2,0,0,0,0,0,0,0,0,0,0,0,0,0,0,0
2016,"MUNICIPIO",150034,75,0,3,13,62,3,4,6,8,41,53,22,4,0,6,5,1,2,2,0,0,4,0,1,0,0,0,1,0,1,1,0,0,0,1,0,0
2016,"MUNICIPIO",150040,245,0,15,23,222,17,28,77,33,67,146,99,14,0,15,14,1,6,0,0,0,15,0,1,0,0,0,1,0,1,1,0,0,0,1,0,0
2016,"MUNICIPIO",150050,110,0,5,17,93,4,17,35,9,28,67,43,6,0,6,6,0,4,0,0,0,5,0,0,0,0,0,0,0,0,0,0,0,0,0,0,0
2016,"MUNICIPIO",150060,641,0,18,187,454,32,68,136,64,154,428,210,44,0,36,23,13,12,8,1,0,20,2,1,0,0,0,1,0,1,1,0,0,1,0,0,0
2016,"MUNICIPIO",150070,61,0,0,11,50,4,8,9,10,19,41,20,2,0,9,6,3,3,1,0,0,6,0,0,0,0,0,0,0,0,0,0,0,0,0,0,0
2016,"MUNICIPIO",150080,2647,0,114,553,2094,163,373,596,337,625,1562,1083,199,0,83,68,15,29,14,0,0,61,0,4,0,0,1,3,0,4,3,0,0,0,3,0,0
2016,"MUNICIPIO",150085,141,0,3,50,91,13,12,27,6,33,107,34,7,0,10,8,2,6,1,0,0,5,2,1,0,0,0,1,0,1,1,0,1,0,0,0,0
2016,"MUNICIPIO",150090,180,0,2,16,164,12,23,48,14,67,102,78,12,0,8,6,2,3,0,0,0,8,0,1,0,0,0,1,0,1,1,0,0,1,0,0,0
2016,"MUNICIPIO",150095,90,0,4,17,73,2,11,25,5,30,59,31,3,0,5,2,3,2,2,0,0,3,0,0,0,0,0,0,0,0,0,0,0,0,0,0,0
2016,"MUNICIPIO",150100,44,0,2,2,42,4,3,5,2,28,32,12,2,0,3,3,0,2,0,0,0,3,0,0,0,0,0,0,0,0,0,0,0,0,0,0,0
2016,"MUNICIPIO",150110,38,0,1,5,33,1,5,7,6,14,20,18,3,0,3,2,1,1,0,0,0,3,0,1,0,0,0,1,0,1,1,0,0,0,0,0,0
2016,"MUNICIPIO",150120,123,0,12,24,99,8,9,26,15,41,82,41,7,0,8,8,0,4,0,0,0,8,0,1,0,0,0,1,0,1,1,0,0,0,0,1,0
2016,"MUNICIPIO",150125,14,0,0,3,11,0,1,5,3,2,11,3,0,0,1,1,0,0,1,0,0,0,0,0,0,0,0,0,0,0,0,0,0,0,0,0,0
2016,"MUNICIPIO",150130,411,0,28,79,332,27,62,113,38,92,260,151,31,0,14,10,4,8,5,0,0,9,0,1,0,0,0,1,0,1,1,0,0,1,0,0,0
2016,"MUNICIPIO",150140,9421,0,692,1512,7909,593,1570,2198,1335,2213,5340,4068,564,0,190,141,49,93,21,0,2,159,0,18,9,0,0,7,2,16,16,0,4,5,5,1,1
2016,"MUNICIPIO",150145,80,0,3,1,79,7,15,27,5,25,47,33,5,0,2,1,1,3,0,0,0,2,0,0,0,0,0,0,0,0,0,0,0,0,0,0,0
2016,"MUNICIPIO",150150,307,0,12,80,227,24,46,59,35,63,194,113,21,0,10,6,4,8,2,0,0,7,0,1,0,0,0,1,0,1,1,0,0,1,0,0,0
2016,"MUNICIPIO",150157,74,0,1,15,59,0,6,28,6,19,43,31,5,0,4,3,1,1,1,0,0,2,1,0,0,0,0,0,0,0,0,0,0,0,0,0,0
2016,"MUNICIPIO",150160,48,0,0,12,36,1,3,18,1,13,30,18,0,0,0,0,0,1,0,0,0,0,0,0,0,0,0,0,0,0,0,0,0,0,0,0,0
2016,"MUNICIPIO",150170,572,0,18,66,506,45,70,147,54,190,349,223,39,0,28,21,7,8,2,0,0,25,0,5,0,1,0,2,2,3,3,0,2,0,1,0,0
2016,"MUNICIPIO",150172,102,0,3,23,79,4,14,32,9,20,74,28,4,0,2,2,0,2,1,0,0,1,0,0,0,0,0,0,0,0,0,0,0,0,0,0,0
2016,"MUNICIPIO",150175,47,0,2,19,28,1,4,6,1,16,27,20,6,0,1,1,0,0,0,0,0,1,0,0,0,0,0,0,0,0,0,0,0,0,0,0,0
2016,"MUNICIPIO",150178,192,0,5,46,146,6,27,52,13,48,127,64,13,0,4,3,1,0,2,0,0,2,0,0,0,0,0,0,0,0,0,0,0,0,0,0,0
2016,"MUNICIPIO",150180,335,0,9,44,291,18,27,58,20,168,205,130,19,0,32,23,9,10,4,1,0,27,0,1,1,0,0,0,0,1,1,0,0,0,0,0,0
2016,"MUNICIPIO",150190,125,0,7,25,100,6,20,27,10,37,77,48,9,0,3,3,0,5,0,0,0,3,0,1,1,0,0,0,0,1,1,0,1,0,0,0,0
2016,"MUNICIPIO",150195,54,0,7,12,42,2,6,16,0,18,36,18,5,0,2,2,0,2,0,0,0,2,0,2,0,2,0,0,0,2,2,1,0,0,0,1,0
2016,"MUNICIPIO",150200,79,0,1,7,72,2,6,28,8,28,41,38,4,0,5,4,1,2,0,0,0,5,0,0,0,0,0,0,0,0,0,0,0,0,0,0,0
2016,"MUNICIPIO",150210,465,0,23,70,395,21,54,150,57,113,274,190,38,0,37,34,3,10,7,0,0,27,0,4,0,1,0,2,1,3,3,0,0,1,1,0,1
2016,"MUNICIPIO",150215,191,0,4,69,122,5,18,23,9,67,133,58,8,0,24,21,3,3,2,0,0,22,0,1,0,0,0,0,1,0,0,0,0,0,0,0,0
2016,"MUNICIPIO",150220,453,0,5,64,389,16,55,106,48,164,269,184,28,0,17,15,2,7,1,0,0,16,0,0,0,0,0,0,0,0,0,0,0,0,0,0,0
2016,"MUNICIPIO",150230,222,0,8,52,170,7,12,34,8,109,144,78,19,0,3,3,0,1,0,0,0,2,0,1,1,0,0,0,0,1,1,0,1,0,0,0,0
2016,"MUNICIPIO",150240,1070,0,30,246,824,48,134,234,101,307,653,417,58,0,23,19,4,10,5,0,0,17,0,0,0,0,0,0,0,0,0,0,0,0,0,0,0
2016,"MUNICIPIO",150250,46,0,1,5,41,5,10,12,2,12,28,18,0,0,3,3,0,2,0,0,0,3,0,0,0,0,0,0,0,0,0,0,0,0,0,0,0
2016,"MUNICIPIO",150260,70,0,6,6,64,0,15,19,9,21,40,30,1,0,4,4,0,0,3,0,0,0,0,0,0,0,0,0,0,0,0,0,0,0,0,0,0
2016,"MUNICIPIO",150270,253,0,20,36,217,12,28,82,22,73,143,110,15,0,6,5,1,6,2,0,0,4,0,0,0,0,0,0,0,0,0,0,0,0,0,0,0
2016,"MUNICIPIO",150275,119,0,7,18,101,2,26,26,11,36,79,40,15,0,3,3,0,4,0,0,0,3,0,2,0,0,0,2,0,2,2,0,0,1,1,0,0
2016,"MUNICIPIO",150276,42,0,2,13,29,1,2,10,4,12,33,9,2,0,3,3,0,1,0,0,0,2,1,0,0,0,0,0,0,0,0,0,0,0,0,0,0
2016,"MUNICIPIO",150277,133,0,2,23,110,9,9,40,7,45,83,50,7,0,6,4,2,0,1,0,0,5,0,0,0,0,0,0,0,0,0,0,0,0,0,0,0
2016,"MUNICIPIO",150280,73,0,4,6,67,4,9,13,7,34,46,27,6,0,10,10,0,3,1,0,0,6,0,1,1,0,0,0,0,1,1,0,1,0,0,0,0
2016,"MUNICIPIO",150285,41,0,0,4,37,1,3,7,2,24,22,19,2,0,2,1,1,1,0,0,0,2,0,0,0,0,0,0,0,0,0,0,0,0,0,0,0
2016,"MUNICIPIO",150290,152,0,9,13,139,4,25,45,11,54,92,60,10,0,3,3,0,3,1,0,0,2,0,1,1,0,0,0,0,1,1,0,0,1,0,0,0
2016,"MUNICIPIO",150293,228,0,15,47,181,11,26,68,9,67,141,87,14,0,13,10,3,4,1,0,0,12,0,2,0,0,0,2,0,2,2,0,0,2,0,0,0
2016,"MUNICIPIO",150295,141,0,3,33,108,5,12,17,10,64,96,45,9,0,3,3,0,3,0,1,0,2,0,0,0,0,0,0,0,0,0,0,0,0,0,0,0
2016,"MUNICIPIO",150300,26,0,2,0,26,1,0,2,0,23,17,9,2,0,0,0,0,0,0,0,0,0,0,0,0,0,0,0,0,0,0,0,0,0,0,0,0
2016,"MUNICIPIO",150304,80,0,9,23,57,0,5,30,5,17,58,22,7,0,2,2,0,0,2,0,0,0,0,0,0,0,0,0,0,0,0,0,0,0,0,0,0
2016,"MUNICIPIO",150307,136,0,6,36,100,10,19,32,7,32,81,55,11,0,5,4,1,2,0,0,0,5,0,0,0,0,0,0,0,0,0,0,0,0,0,0,0
2016,"MUNICIPIO",150309,136,0,2,34,102,4,13,40,13,32,90,45,9,0,4,3,1,8,1,0,0,3,0,0,0,0,0,0,0,0,0,0,0,0,0,0,0
2016,"MUNICIPIO",150310,69,0,3,11,58,0,9,18,6,25,47,22,3,0,8,7,1,3,0,0,0,8,0,1,0,0,0,1,0,1,1,0,0,1,0,0,0
2016,"MUNICIPIO",150320,214,0,19,26,188,7,33,67,26,55,130,84,9,0,7,6,1,2,0,0,0,7,0,0,0,0,0,0,0,0,0,0,0,0,0,0,0
2016,"MUNICIPIO",150330,235,0,14,52,183,13,26,74,23,47,157,78,22,0,7,5,2,3,0,1,0,5,0,1,0,0,0,1,0,1,1,0,0,0,1,0,0
2016,"MUNICIPIO",150340,38,0,4,6,32,2,6,12,5,7,24,14,2,0,2,2,0,0,0,0,0,2,0,1,0,0,0,1,0,1,1,1,0,0,0,0,0
2016,"MUNICIPIO",150345,137,0,6,33,104,3,18,29,9,45,100,37,7,0,12,12,0,2,2,0,0,10,0,1,0,0,0,1,0,1,1,0,1,0,0,0,0
2016,"MUNICIPIO",150350,154,0,9,21,133,5,32,53,11,32,91,63,6,0,2,2,0,2,0,0,0,2,0,0,0,0,0,0,0,0,0,0,0,0,0,0,0
2016,"MUNICIPIO",150360,569,0,59,146,423,27,56,143,36,161,389,178,36,0,39,37,2,9,3,0,0,35,1,3,1,0,0,2,0,3,3,0,0,2,1,0,0
2016,"MUNICIPIO",150370,219,0,7,44,175,4,22,58,11,80,144,75,20,0,10,4,6,4,3,0,0,7,0,1,0,0,0,1,0,1,1,0,0,0,0,0,0
2016,"MUNICIPIO",150375,69,0,0,15,54,4,4,8,11,27,55,14,2,0,5,5,0,7,0,0,0,2,2,0,0,0,0,0,0,0,0,0,0,0,0,0,0
2016,"MUNICIPIO",150380,225,0,27,50,175,11,33,59,8,64,135,89,22,0,9,8,1,7,1,0,0,8,0,0,0,0,0,0,0,0,0,0,0,0,0,0,0
2016,"MUNICIPIO",150390,192,0,8,30,162,6,25,49,14,68,113,79,8,0,18,16,2,7,3,0,0,15,0,2,0,1,0,1,0,2,2,0,0,1,1,0,0
2016,"MUNICIPIO",150400,78,0,1,6,72,5,7,22,11,27,54,24,1,0,7,6,1,1,1,0,0,5,0,0,0,0,0,0,0,0,0,0,0,0,0,0,0
2016,"MUNICIPIO",150405,183,0,5,34,149,4,29,40,22,54,117,66,9,0,6,5,1,3,0,0,0,6,0,1,0,0,0,1,0,1,1,0,0,0,1,0,0
2016,"MUNICIPIO",150410,38,0,0,5,33,1,4,11,7,10,26,12,3,0,0,0,0,0,0,0,0,0,0,1,0,0,0,1,0,1,1,0,0,0,1,0,0
2016,"MUNICIPIO",150420,1362,0,79,368,994,71,130,270,81,442,907,452,92,0,50,31,19,25,12,1,0,37,0,2,0,0,0,2,0,2,2,0,0,1,1,0,0
2016,"MUNICIPIO",150430,119,0,3,16,103,8,15,35,10,35,73,46,6,0,2,1,1,2,0,0,0,2,0,0,0,0,0,0,0,0,0,0,0,0,0,0,0
2016,"MUNICIPIO",150440,113,0,1,15,98,7,13,31,15,32,74,39,5,0,2,2,0,2,0,0,0,2,0,0,0,0,0,0,0,0,0,0,0,0,0,0,0
2016,"MUNICIPIO",150442,602,0,21,133,469,33,76,138,86,136,376,225,47,0,15,10,5,9,1,0,0,14,0,1,0,0,0,1,0,1,1,0,0,1,0,0,0
2016,"MUNICIPIO",150445,118,0,3,31,87,7,10,30,10,30,85,33,8,0,7,5,2,1,1,0,0,5,0,0,0,0,0,0,0,0,0,0,0,0,0,0,0
2016,"MUNICIPIO",150450,48,0,4,4,44,5,3,11,6,19,25,23,9,0,7,5,2,3,0,1,0,5,0,5,2,0,0,3,0,5,5,2,1,0,0,0,0
2016,"MUNICIPIO",150460,128,0,10,17,111,5,18,41,12,35,79,49,10,0,8,7,1,3,0,0,0,8,0,4,1,2,0,1,0,4,3,0,1,2,1,0,0
2016,"MUNICIPIO",150470,243,0,18,63,180,10,20,39,25,86,169,72,22,0,15,14,1,7,1,1,0,13,0,2,1,0,0,0,1,1,1,0,0,0,1,0,0
2016,"MUNICIPIO",150475,88,0,3,11,77,2,14,9,8,44,46,42,6,0,2,2,0,1,0,0,0,2,0,1,0,0,0,1,0,1,1,0,1,0,0,0,0
2016,"MUNICIPIO",150480,260,0,21,26,234,11,30,90,22,81,154,106,12,0,16,12,4,3,1,0,0,14,0,2,1,0,0,1,0,2,2,0,1,1,0,0,0
2016,"MUNICIPIO",150490,121,0,9,10,111,3,18,32,19,39,76,45,4,0,13,10,3,2,0,0,0,13,0,0,0,0,0,0,0,0,0,0,0,0,0,0,0
2016,"MUNICIPIO",150495,84,0,9,22,62,3,10,23,4,22,57,27,9,0,6,4,2,3,0,0,0,5,1,0,0,0,0,0,0,0,0,0,0,0,0,0,0
2016,"MUNICIPIO",150497,68,0,5,18,50,1,9,16,2,22,50,17,2,0,5,3,2,1,0,0,0,5,0,0,0,0,0,0,0,0,0,0,0,0,0,0,0
2016,"MUNICIPIO",150500,65,0,2,6,59,1,8,14,7,29,38,27,5,0,2,2,0,0,0,0,0,2,0,0,0,0,0,0,0,0,0,0,0,0,0,0,0
2016,"MUNICIPIO",150503,131,0,3,53,78,6,8,18,8,38,98,32,8,0,3,2,1,3,2,0,0,1,0,0,0,0,0,0,0,0,0,0,0,0,0,0,0
2016,"MUNICIPIO",150506,239,0,15,91,148,16,13,40,17,62,181,57,16,0,5,2,3,5,1,0,0,4,0,0,0,0,0,0,0,0,0,0,0,0,0,0,0
2016,"MUNICIPIO",150510,197,0,10,20,177,12,26,50,16,73,113,84,11,0,13,13,0,3,1,0,0,11,1,1,1,0,0,0,0,1,1,0,0,0,1,0,0
2016,"MUNICIPIO",150520,89,0,1,14,75,5,10,26,11,23,58,31,7,0,7,6,1,8,1,0,0,6,0,0,0,0,0,0,0,0,0,0,0,0,0,0,0
2016,"MUNICIPIO",150530,271,0,14,33,238,13,34,55,30,106,165,106,10,0,26,20,6,6,3,3,0,20,0,1,1,0,0,0,0,1,1,0,0,1,0,0,0
2016,"MUNICIPIO",150540,77,0,1,20,57,5,7,20,8,17,49,28,5,0,4,2,2,0,1,0,0,3,0,0,0,0,0,0,0,0,0,0,0,0,0,0,0
2016,"MUNICIPIO",150543,122,0,3,28,94,11,8,26,5,44,80,42,5,0,10,7,3,8,2,0,0,5,3,1,0,0,0,1,0,1,1,0,0,0,1,0,0
2016,"MUNICIPIO",150548,196,0,18,68,128,10,17,54,7,40,139,57,21,0,8,7,1,0,2,0,0,5,0,2,0,0,0,1,1,1,1,0,0,1,0,0,0
2016,"MUNICIPIO",150549,31,0,0,8,23,0,2,12,2,7,20,11,1,0,1,1,0,0,1,0,0,0,0,0,0,0,0,0,0,0,0,0,0,0,0,0,0
2016,"MUNICIPIO",150550,418,0,9,111,307,24,47,97,25,114,283,135,28,0,19,16,3,3,4,0,0,13,0,1,0,0,0,0,1,0,0,0,0,0,0,0,0
2016,"MUNICIPIO",150553,718,0,41,212,506,33,78,174,52,169,497,221,54,0,50,41,9,13,9,0,0,38,1,2,0,0,0,2,0,2,2,0,0,0,2,0,0
2016,"MUNICIPIO",150555,39,0,2,6,33,4,3,11,1,14,27,12,3,0,2,2,0,4,0,0,0,2,0,0,0,0,0,0,0,0,0,0,0,0,0,0,0
2016,"MUNICIPIO",150560,53,0,2,7,46,2,9,18,5,12,37,16,2,0,2,1,1,0,1,0,0,1,0,0,0,0,0,0,0,0,0,0,0,0,0,0,0
2016,"MUNICIPIO",150563,51,0,3,15,36,2,4,16,2,12,38,13,5,0,1,1,0,2,0,0,0,1,0,0,0,0,0,0,0,0,0,0,0,0,0,0,0
2016,"MUNICIPIO",150565,76,0,0,19,57,3,5,19,8,22,55,21,3,0,3,3,0,0,0,0,0,3,0,0,0,0,0,0,0,0,0,0,0,0,0,0,0
2016,"MUNICIPIO",150570,79,0,7,16,63,5,13,13,5,27,38,41,12,0,2,2,0,5,0,0,0,2,0,2,0,0,0,2,0,2,2,0,0,0,2,0,0
2016,"MUNICIPIO",150580,186,0,18,36,150,9,19,33,14,75,114,72,13,0,17,16,1,7,1,0,0,16,0,0,0,0,0,0,0,0,0,0,0,0,0,0,0
2016,"MUNICIPIO",150590,105,0,1,15,90,4,8,22,4,52,64,41,3,0,7,5,2,4,0,0,0,7,0,0,0,0,0,0,0,0,0,0,0,0,0,0,0
2016,"MUNICIPIO",150600,111,0,6,15,96,4,17,29,6,40,71,40,9,0,11,10,1,4,0,0,0,11,0,1,0,1,0,0,0,1,1,0,0,1,0,0,0
2016,"MUNICIPIO",150610,75,0,1,5,70,6,10,35,4,15,53,22,6,0,0,0,0,0,0,0,0,0,0,0,0,0,0,0,0,0,0,0,0,0,0,0,0
2016,"MUNICIPIO",150611,57,0,2,7,50,4,14,17,5,10,37,20,5,0,0,0,0,0,0,0,0,0,0,0,0,0,0,0,0,0,0,0,0,0,0,0,0
2016,"MUNICIPIO",150613,462,0,48,90,372,27,44,118,31,152,301,161,31,0,21,17,4,9,7,0,0,12,1,1,0,0,0,1,0,1,1,0,0,0,1,0,0
2016,"MUNICIPIO",150616,96,0,6,20,76,3,10,24,10,29,60,36,7,0,1,1,0,1,1,0,0,0,0,0,0,0,0,0,0,0,0,0,0,0,0,0,0
2016,"MUNICIPIO",150618,227,0,6,46,181,15,20,78,16,52,143,84,16,0,7,6,1,4,1,0,0,6,0,0,0,0,0,0,0,0,0,0,0,0,0,0,0
2016,"MUNICIPIO",150619,111,0,0,21,90,4,9,26,7,44,85,26,6,0,6,4,2,1,2,0,0,4,0,0,0,0,0,0,0,0,0,0,0,0,0,0,0
2016,"MUNICIPIO",150620,164,0,18,21,143,9,25,34,14,61,98,66,19,0,3,1,2,1,0,0,0,3,0,2,0,0,0,1,1,1,1,0,0,0,1,0,0
2016,"MUNICIPIO",150630,143,0,6,16,127,5,22,43,19,38,83,60,8,0,5,4,1,4,0,0,0,5,0,0,0,0,0,0,0,0,0,0,0,0,0,0,0
2016,"MUNICIPIO",150635,109,0,3,26,83,4,12,21,14,32,63,46,11,0,3,2,1,2,1,0,0,2,0,0,0,0,0,0,0,0,0,0,0,0,0,0,0
2016,"MUNICIPIO",150640,19,0,3,2,17,0,7,9,0,1,8,11,4,0,1,1,0,0,0,0,0,1,0,0,0,0,0,0,0,0,0,0,0,0,0,0,0
2016,"MUNICIPIO",150650,309,0,25,75,234,14,36,74,28,82,201,108,27,0,3,2,1,4,1,0,0,2,0,1,0,0,0,1,0,1,1,0,0,0,0,0,0
2016,"MUNICIPIO",150655,111,0,4,17,94,6,15,38,7,28,71,40,8,0,5,5,0,2,0,0,0,5,0,1,0,1,0,0,0,1,1,0,0,0,0,0,0
2016,"MUNICIPIO",150658,69,0,1,15,54,0,4,10,1,39,52,17,4,0,0,0,0,1,0,0,0,0,0,0,0,0,0,0,0,0,0,0,0,0,0,0,0
2016,"MUNICIPIO",150660,134,0,1,18,116,8,19,19,6,64,93,41,5,0,3,1,2,4,2,0,0,1,0,0,0,0,0,0,0,0,0,0,0,0,0,0,0
2016,"MUNICIPIO",150670,149,0,10,31,118,3,9,39,16,51,107,40,9,0,6,5,1,1,2,0,0,3,0,2,1,0,0,1,0,2,2,0,0,0,1,0,0
2016,"MUNICIPIO",150680,1606,0,65,206,1400,93,254,327,144,582,944,661,87,0,76,61,15,24,5,0,0,71,0,5,0,2,0,3,0,5,5,0,2,1,1,0,1
2016,"MUNICIPIO",150690,17,0,1,3,14,0,1,5,2,6,8,9,3,0,0,0,0,1,0,0,0,0,0,0,0,0,0,0,0,0,0,0,0,0,0,0,0
2016,"MUNICIPIO",150700,134,0,11,18,116,9,22,22,17,46,81,53,9,0,8,8,0,1,2,0,0,6,0,1,0,0,0,1,0,1,1,0,0,1,0,0,0
2016,"MUNICIPIO",150710,46,0,0,9,37,5,5,3,9,15,33,13,2,0,1,0,1,0,0,0,0,1,0,0,0,0,0,0,0,0,0,0,0,0,0,0,0
2016,"MUNICIPIO",150715,117,0,13,30,87,5,15,29,13,25,73,44,8,0,4,2,2,0,2,0,0,2,0,0,0,0,0,0,0,0,0,0,0,0,0,0,0
2016,"MUNICIPIO",150720,107,0,4,17,90,5,16,29,11,29,67,40,5,0,4,3,1,1,0,0,0,4,0,0,0,0,0,0,0,0,0,0,0,0,0,0,0
2016,"MUNICIPIO",150730,283,0,23,90,193,14,20,47,23,89,204,79,17,0,13,10,3,6,2,0,0,8,3,3,0,0,0,2,1,2,2,0,0,0,0,0,1
2016,"MUNICIPIO",150740,81,0,2,15,66,6,10,23,7,20,50,31,5,0,2,1,1,0,0,0,0,1,0,0,0,0,0,0,0,0,0,0,0,0,0,0,0
2016,"MUNICIPIO",150745,146,0,10,29,117,9,18,43,3,44,94,52,11,0,5,4,1,3,2,0,0,3,0,0,0,0,0,0,0,0,0,0,0,0,0,0,0
2016,"MUNICIPIO",150746,41,0,2,8,33,2,7,9,6,9,29,12,1,0,2,1,1,0,1,0,0,1,0,0,0,0,0,0,0,0,0,0,0,0,0,0,0
2016,"MUNICIPIO",150747,131,0,8,18,113,6,21,40,5,41,80,51,10,0,5,4,1,3,1,0,0,4,0,0,0,0,0,0,0,0,0,0,0,0,0,0,0
2016,"MUNICIPIO",150750,58,0,3,15,43,2,6,11,4,20,44,14,3,0,6,3,3,2,1,1,0,4,0,0,0,0,0,0,0,0,0,0,0,0,0,0,0
2016,"MUNICIPIO",150760,299,0,28,57,242,12,40,72,16,102,181,118,29,0,12,7,5,3,1,0,0,9,0,1,1,0,0,0,0,1,1,0,0,0,1,0,0
2016,"MUNICIPIO",150770,79,0,8,10,69,6,13,18,13,19,47,32,5,0,3,3,0,4,0,0,0,3,0,0,0,0,0,0,0,0,0,0,0,0,0,0,0
2016,"MUNICIPIO",150775,17,0,3,4,13,3,2,1,1,6,10,7,4,0,1,1,0,0,1,0,0,0,0,0,0,0,0,0,0,0,0,0,0,0,0,0,0
2016,"MUNICIPIO",150780,50,0,4,11,39,1,7,12,9,10,40,10,4,0,1,1,0,0,0,0,0,1,0,0,0,0,0,0,0,0,0,0,0,0,0,0,0
2016,"MUNICIPIO",150790,62,0,5,7,55,5,10,14,7,19,37,25,7,0,3,3,0,2,0,0,0,3,0,0,0,0,0,0,0,0,0,0,0,0,0,0,0
2016,"MUNICIPIO",150795,345,0,13,96,249,14,25,64,27,119,245,99,29,0,20,15,5,4,7,0,0,12,0,1,0,0,0,1,0,1,1,0,0,0,0,0,0
2016,"MUNICIPIO",150796,60,0,2,10,50,2,6,17,2,23,44,16,2,0,4,3,1,0,1,0,0,3,0,0,0,0,0,0,0,0,0,0,0,0,0,0,0
2016,"MUNICIPIO",150797,58,0,0,4,54,1,6,13,8,26,37,21,0,0,8,8,0,1,0,0,0,8,0,0,0,0,0,0,0,0,0,0,0,0,0,0,0
2016,"MUNICIPIO",150800,253,0,7,62,191,7,33,44,27,80,175,77,15,0,15,11,4,7,3,0,0,12,0,1,0,0,0,1,0,1,1,0,0,0,1,0,0
2016,"MUNICIPIO",150803,141,0,8,12,129,5,15,26,7,76,82,59,5,0,9,7,2,2,0,0,0,9,0,0,0,0,0,0,0,0,0,0,0,0,0,0,0
2016,"MUNICIPIO",150805,71,0,4,12,59,3,6,12,2,36,56,14,2,0,5,4,1,1,1,0,0,4,0,2,1,0,0,1,0,2,2,0,1,1,0,0,0
2016,"MUNICIPIO",150808,141,0,3,37,104,2,8,32,2,60,105,36,4,0,9,9,0,0,2,0,0,7,0,0,0,0,0,0,0,0,0,0,0,0,0,0,0
2016,"MUNICIPIO",150810,455,0,9,102,353,23,69,102,39,120,291,164,27,0,22,16,6,11,6,0,0,15,1,0,0,0,0,0,0,0,0,0,0,0,0,0,0
2016,"MUNICIPIO",150812,123,0,16,42,81,4,13,24,5,35,85,38,16,0,8,5,3,2,0,0,0,7,1,0,0,0,0,0,0,0,0,0,0,0,0,0,0
2016,"MUNICIPIO",150815,171,0,7,46,125,2,20,48,13,42,118,53,7,0,10,10,0,6,1,0,0,9,0,0,0,0,0,0,0,0,0,0,0,0,0,0,0
2016,"MUNICIPIO",150820,293,0,11,57,236,23,43,49,36,85,182,111,18,0,4,2,2,6,1,0,0,2,0,1,0,0,0,1,0,1,1,0,0,0,1,0,0
2016,"MUNICIPIO",150830,193,0,3,18,175,12,24,50,11,78,116,77,15,0,15,12,3,4,0,1,0,14,0,2,0,0,0,2,0,2,2,0,0,2,0,0,0
2016,"MUNICIPIO",150835,87,0,3,30,57,3,9,16,10,19,64,23,7,0,1,1,0,1,0,1,0,0,0,0,0,0,0,0,0,0,0,0,0,0,0,0,0
2016,"MUNICIPIO",150840,222,0,13,50,172,12,25,60,11,64,142,80,17,0,10,9,1,5,0,0,0,9,0,0,0,0,0,0,0,0,0,0,0,0,0,0,0
